producer_not_harmonized,producer_harmonized,producer_type
"deal (direction de l'environnement, de l'amenagement et du logement) martinique",DEAL Martinique,
"deal (direction de l'environnement, de l'amenagement et du logement)martinique",DEAL Martinique,
"deal (direction de l'environnement, del'amenagement et du logement) martinique",DEAL Martinique,
"deal (direction del'environnement, de l'amenagement et du logement) martinique",DEAL Martinique,
deal 974,DEAL Réunion,
deal de la guadeloupe,DEAL Guadeloupe,
deal de la reunion,DEAL Réunion,
deal de laguadeloupe,DEAL Guadeloupe,
deal dela guadeloupe,DEAL Guadeloupe,
deal guadeloupe,DEAL Guadeloupe,
deal guyane,DEAL Guyane,
deal guyane / service milieux naturels biodiversite sites et paysages,DEAL Guyane,
deal guyane / service mnbsp,DEAL Guyane,
deal guyane / service pce,DEAL Guyane,
deal guyane / service planification connaissance et evaluation,DEAL Guyane,
deal guyane / service planification connaissance etevaluation,DEAL Guyane,
deal guyane / service planification connaissanceet evaluation,DEAL Guyane,
deal guyane / serviceplanification connaissance et evaluation,DEAL Guyane,
deal guyane / servie planification connaisance evaluation,DEAL Guyane,
deal guyane / servie planificationconnaisance evaluation,DEAL Guyane,
deal guyane /service planification connaissance et evaluation,DEAL Guyane,
deal la reunion,DEAL Réunion,
deal martinique,DEAL Martinique,
deal mayotte,DEAL Mayotte,
deal mayotte  / sddt / pdt,DEAL Mayotte,
deal mayotte / sddt / pdt,DEAL Mayotte,
deal mayotte / sddt / unite propective et developpement du territoire,DEAL Mayotte,
deal mayotte / sddt / unite prospective et developpement du territoire,DEAL Mayotte,
deal mayotte / sddt / unite prospective et developpement duterritoire,DEAL Mayotte,
deal mayotte / sddt / unite prospective et developpementdu territoire,DEAL Mayotte,
deal mayotte / sddt / unite prospective etdeveloppement du territoire,DEAL Mayotte,
deal mayotte / sddt / unite prospectiveet developpement du territoire,DEAL Mayotte,
deal mayotte / sddt / uniteprospective et developpement du territoire,DEAL Mayotte,
deal mayotte / sddt /unite prospective et developpement du territoire,DEAL Mayotte,
deal mayotte / sddt/ unite prospective et developpement du territoire,DEAL Mayotte,
deal mayotte / sepr / unite biodiversite,DEAL Mayotte,
deal mayotte / service d'appui aux equipements collectifs,DEAL Mayotte,
deal mayotte / service d'appui aux equipementscollectifs,DEAL Mayotte,
deal mayotte /sddt / unite prospective et developpement du territoire,DEAL Mayotte,
deal mayotte/ sddt / unite prospective et developpement du territoire,DEAL Mayotte,
deal mayotte/ service d'appui aux equipements collectifs,DEAL Mayotte,
deal mayotte/sepr/unite risques naturels,DEAL Mayotte,
deal mayotte/sepr/unite risquesnaturels,DEAL Mayotte,
deal mayotte/sepr/uniterisques naturels,DEAL Mayotte,
deal reunion,DEAL Réunion,
deal reunion / sced / unite connaissance – systeme d'information,DEAL Réunion,
deal reunion / service eau et biodiversite,DEAL Réunion,
deal reunion/sced/ucsi,DEAL Réunion,
deal reunion/service eau et biodiversite,DEAL Réunion,
deal_guadeloupe,DEAL Guadeloupe,
deal_martinique,DEAL Martinique,
deal_reunion,DEAL Réunion,
deal972,DEAL Martinique,
dealde la guadeloupe,DEAL Guadeloupe,
dealguadeloupe,DEAL Guadeloupe,
dealguyane,DEAL Guyane,
dealguyane / service planification connaissance et evaluation,DEAL Guyane,
dealmartinique,DEAL Martinique,
dealmayotte,DEAL Mayotte,
dealmayotte / sddt / pdt,DEAL Mayotte,
dealmayotte / sddt / unite prospective et developpement du territoire,DEAL Mayotte,
dealmayotte / sepr / unite biodiversite,DEAL Mayotte,
dealmayotte/sepr/unite risques naturels,DEAL Mayotte,
dealreunion,DEAL Réunion,
"direction de l'amenagement, de l'environnement et du logement (deal) de la martinique",DEAL Martinique,
direction de l'environnement de l'amenagement et du logement de guadeloupe,DEAL Guadeloupe,
direction de l'environnement de l'amenagement et du logementde guadeloupe,DEAL Guadeloupe,
direction de l'environnement de l'amenagement etdu logement de guadeloupe,DEAL Guadeloupe,
direction de l'environnement de l'amenagement etdu logementde guadeloupe,DEAL Guadeloupe,
direction de l'environnement del'amenagement et du logement de guadeloupe,DEAL Guadeloupe,
"direction de l'environnement, de l'amenagement et du logement de guyane (deal)",DEAL Guyane,
"direction de l'environnement, de l'amenagement et du logement de l'ile de la reunion",DEAL Réunion,
"direction de l'environnement, de l'amenagement et du logement de l'ile dela reunion",DEAL Réunion,
"direction de l'environnement, de l'amenagement et du logement de la guyane",DEAL Guyane,
"direction de l'environnement, de l'amenagement et du logement de laguyane",DEAL Guyane,
"direction de l'environnement, de l'amenagement et du logement de martinique",DEAL Martinique,
"direction de l'environnement, de l'amenagement et du logement de mayotte",DEAL Mayotte,
"direction de l'environnement, de l'amenagement et du logement deguyane (deal)",DEAL Guyane,
"direction de l'environnement, de l'amenagement et du logementde martinique",DEAL Martinique,
"direction de l'environnement, de l'amenagement et dulogement de l'ile de la reunion",DEAL Réunion,
"direction de l'environnement, de l'amenagement et dulogement de la guyane",DEAL Guyane,
"direction de l'environnement, de l'amenagement etdu logement de la guyane",DEAL Guyane,
"direction de l'environnement, de l'amenagement etdu logement de martinique",DEAL Martinique,
"direction de l'environnement, de l'amenagementet du logement de l'ile de la reunion",DEAL Réunion,
"direction de l'environnement, de l'amenagementet du logement de la guyane",DEAL Guyane,
"direction de l'environnement, del'amenagement et du logement de la guyane",DEAL Guyane,
"direction de l'environnement,de l'amenagement et du logement de la guyane",DEAL Guyane,
"direction de l'environnement,de l'amenagement et du logement de martinique",DEAL Martinique,
direction de l'environnementde l'amenagement et du logement de guadeloupe,DEAL Guadeloupe,
direction del'environnement de l'amenagement et du logement de guadeloupe,DEAL Guadeloupe,
"direction del'environnement, de l'amenagement et du logement de la guyane",DEAL Guyane,
"direction del'environnement, de l'amenagement et du logement de martinique",DEAL Martinique,
direction regionale de l'environnement de l'amenagement et du logement de bretagne,DREAL Bretagne,
"direction regionale de l'environnement, de l'amenagement et du logement  centre -  val de loire",DREAL Centre-Val de Loire,
"direction regionale de l'environnement, de l'amenagement et du logement (dreal) des pays de la loire",DREAL Pays de la Loire,
"direction regionale de l'environnement, de l'amenagement et du logement aquitaine",DREAL Aquitaine,
"direction regionale de l'environnement, de l'amenagement et du logement centre",DREAL Centre-Val de Loire,
"direction regionale de l'environnement, de l'amenagement et du logement centre - val de loire",DREAL Centre-Val de Loire,
"direction regionale de l'environnement, de l'amenagement et du logement centre - valde loire",DREAL Centre-Val de Loire,
"direction regionale de l'environnement, de l'amenagement et du logement centre val de loire",DREAL Centre-Val de Loire,
"direction regionale de l'environnement, de l'amenagement et du logement centre-val de loire",DREAL Centre-Val de Loire,
"direction regionale de l'environnement, de l'amenagement et du logement centre-val deloire",DREAL Centre-Val de Loire,
"direction regionale de l'environnement, de l'amenagement et du logement centre-valde loire",DREAL Centre-Val de Loire,
"direction regionale de l'environnement, de l'amenagement et du logement d'aquitaine",DREAL Aquitaine,
"direction regionale de l'environnement, de l'amenagement et du logement d'auvergne",DREAL Auvergne,
"direction regionale de l'environnement, de l'amenagement et du logement de basse-normandie",DREAL Basse-Normandie,
"direction regionale de l'environnement, de l'amenagement et du logement de bourgogne",DREAL Bourgogne,
"direction regionale de l'environnement, de l'amenagement et du logement de bretagne",DREAL Bretagne,
"direction regionale de l'environnement, de l'amenagement et du logement de champagne ardenne",DREAL Champagne-Ardenne,
"direction regionale de l'environnement, de l'amenagement et du logement de champagne-ardenne (dreal-ca)",DREAL Champagne-Ardenne,
"direction regionale de l'environnement, de l'amenagement et du logement de champagne-ardenne(dreal-ca)",DREAL Champagne-Ardenne,
"direction regionale de l'environnement, de l'amenagement et du logement de corse",DREAL Corse,
"direction regionale de l'environnement, de l'amenagement et du logement de franche-comte",DREAL Franche-Comté,
"direction regionale de l'environnement, de l'amenagement et du logement de haute-normandie",DREAL Haute-Normandie,
"direction regionale de l'environnement, de l'amenagement et du logement de languedoc-roussillon",DREAL Languedoc-Roussillon,
"direction regionale de l'environnement, de l'amenagement et du logement de lorraine",DREAL Lorraine,
"direction regionale de l'environnement, de l'amenagement et du logement de midi pyrenees",DREAL Midi-Pyrénées,
"direction regionale de l'environnement, de l'amenagement et du logement de nord-pas-de-calais",DREAL Nord-Pas-de-Calais,
"direction regionale de l'environnement, de l'amenagement et du logement de picardie",DREAL Picardie,
"direction regionale de l'environnement, de l'amenagement et du logement de poitou-charentes",DREAL Poitou-Charentes,
"direction regionale de l'environnement, de l'amenagement et du logement de provence alpes cote d'azur",DREAL Provence-Alpes-Côte d'Azur,
"direction regionale de l'environnement, de l'amenagement et du logement de provence alpes coted'azur",DREAL Provence-Alpes-Côte d'Azur,
"direction regionale de l'environnement, de l'amenagement et du logement de rhone - alpes",DREAL Rhône-Alpes,
"direction regionale de l'environnement, de l'amenagement et du logement debasse-normandie",DREAL Basse-Normandie,
"direction regionale de l'environnement, de l'amenagement et du logement debourgogne",DREAL Bourgogne,
"direction regionale de l'environnement, de l'amenagement et du logement dechampagne-ardenne (dreal-ca)",DREAL Champagne-Ardenne,
"direction regionale de l'environnement, de l'amenagement et du logement depoitou-charentes",DREAL Poitou-Charentes,
"direction regionale de l'environnement, de l'amenagement et du logement deprovence alpes cote d'azur",DREAL Provence-Alpes-Côte d'Azur,
"direction regionale de l'environnement, de l'amenagement et du logement des pays de la loire",DREAL Pays de la Loire,
"direction regionale de l'environnement, de l'amenagement et du logement du centre",DREAL Centre-Val de Loire,
"direction regionale de l'environnement, de l'amenagement et du logement du limousin",DREAL Limousin,
"direction regionale de l'environnement, de l'amenagement et du logement midi-pyrenees",DREAL Midi-Pyrénées,
"direction regionale de l'environnement, de l'amenagement et du logement poitou-charentes",DREAL Poitou-Charentes,
"direction regionale de l'environnement, de l'amenagement et du logement region centre - val de loire",DREAL Centre-Val de Loire,
"direction regionale de l'environnement, de l'amenagement et du logement region centre - val deloire",DREAL Centre-Val de Loire,
"direction regionale de l'environnement, de l'amenagement et du logement rhone alpes",DREAL Rhône-Alpes,
"direction regionale de l'environnement, de l'amenagement et du logementaquitaine",DREAL Aquitaine,
"direction regionale de l'environnement, de l'amenagement et du logementcentre - val de loire",DREAL Centre-Val de Loire,
"direction regionale de l'environnement, de l'amenagement et du logementcentre-val de loire",DREAL Centre-Val de Loire,
"direction regionale de l'environnement, de l'amenagement et du logementde bourgogne",DREAL Bourgogne,
"direction regionale de l'environnement, de l'amenagement et du logementde champagne-ardenne (dreal-ca)",DREAL Champagne-Ardenne,
"direction regionale de l'environnement, de l'amenagement et du logementde corse",DREAL Corse,
"direction regionale de l'environnement, de l'amenagement et du logementde haute-normandie",DREAL Haute-Normandie,
"direction regionale de l'environnement, de l'amenagement et du logementde languedoc-roussillon",DREAL Languedoc-Roussillon,
"direction regionale de l'environnement, de l'amenagement et du logementde poitou-charentes",DREAL Poitou-Charentes,
"direction regionale de l'environnement, de l'amenagement et dulogement centre - val de loire",DREAL Centre-Val de Loire,
"direction regionale de l'environnement, de l'amenagement et dulogement centre-val de loire",DREAL Centre-Val de Loire,
"direction regionale de l'environnement, de l'amenagement et dulogement de bourgogne",DREAL Bourgogne,
"direction regionale de l'environnement, de l'amenagement et dulogement de champagne-ardenne (dreal-ca)",DREAL Champagne-Ardenne,
"direction regionale de l'environnement, de l'amenagement et dulogement de provence alpes cote d'azur",DREAL Provence-Alpes-Côte d'Azur,
"direction regionale de l'environnement, de l'amenagement et dulogement de rhone - alpes",DREAL Rhône-Alpes,
"direction regionale de l'environnement, de l'amenagement etdu logement aquitaine",DREAL Aquitaine,
"direction regionale de l'environnement, de l'amenagement etdu logement centre-val de loire",DREAL Centre-Val de Loire,
"direction regionale de l'environnement, de l'amenagement etdu logement de basse-normandie",DREAL Basse-Normandie,
"direction regionale de l'environnement, de l'amenagement etdu logement de bourgogne",DREAL Bourgogne,
"direction regionale de l'environnement, de l'amenagement etdu logement de champagne-ardenne (dreal-ca)",DREAL Champagne-Ardenne,
"direction regionale de l'environnement, de l'amenagement etdu logement de corse",DREAL Corse,
"direction regionale de l'environnement, de l'amenagement etdu logement de languedoc-roussillon",DREAL Languedoc-Roussillon,
"direction regionale de l'environnement, de l'amenagement etdu logement de poitou-charentes",DREAL Poitou-Charentes,
"direction regionale de l'environnement, de l'amenagement etdu logement de rhone - alpes",DREAL Rhône-Alpes,
"direction regionale de l'environnement, de l'amenagementet du logement aquitaine",DREAL Aquitaine,
"direction regionale de l'environnement, de l'amenagementet du logement centre-val de loire",DREAL Centre-Val de Loire,
"direction regionale de l'environnement, de l'amenagementet du logement de basse-normandie",DREAL Basse-Normandie,
"direction regionale de l'environnement, de l'amenagementet du logement de bourgogne",DREAL Bourgogne,
"direction regionale de l'environnement, de l'amenagementet du logement de bretagne",DREAL Bretagne,
"direction regionale de l'environnement, de l'amenagementet du logement de haute-normandie",DREAL Haute-Normandie,
"direction regionale de l'environnement, de l'amenagementet du logement de languedoc-roussillon",DREAL Languedoc-Roussillon,
"direction regionale de l'environnement, de l'amenagementet du logement de provence alpes cote d'azur",DREAL Provence-Alpes-Côte d'Azur,
"direction regionale de l'environnement, de l'amenagementet du logement de rhone - alpes",DREAL Rhône-Alpes,
"direction regionale de l'environnement, del'amenagement et du logement centre-val de loire",DREAL Centre-Val de Loire,
"direction regionale de l'environnement, del'amenagement et du logement de basse-normandie",DREAL Basse-Normandie,
"direction regionale de l'environnement, del'amenagement et du logement de bourgogne",DREAL Bourgogne,
"direction regionale de l'environnement, del'amenagement et du logement de bretagne",DREAL Bretagne,
"direction regionale de l'environnement, del'amenagement et du logement de champagne-ardenne (dreal-ca)",DREAL Champagne-Ardenne,
"direction regionale de l'environnement, del'amenagement et du logement de haute-normandie",DREAL Haute-Normandie,
"direction regionale de l'environnement, del'amenagement et du logement de provence alpes cote d'azur",DREAL Provence-Alpes-Côte d'Azur,
"direction regionale de l'environnement, del'amenagement et du logement des pays de la loire",DREAL Pays de la Loire,
"direction regionale de l'environnement,de l'amenagement et du logement centre-val de loire",DREAL Centre-Val de Loire,
"direction regionale de l'environnement,de l'amenagement et du logement de basse-normandie",DREAL Basse-Normandie,
"direction regionale de l'environnement,de l'amenagement et du logement de champagne-ardenne (dreal-ca)",DREAL Champagne-Ardenne,
"direction regionale de l'environnement,de l'amenagement et du logement de corse",DREAL Corse,
"direction regionale de l'environnement,de l'amenagement et du logement de midi pyrenees",DREAL Midi-Pyrénées,
"direction regionale de l'environnement,de l'amenagement et du logement de provence alpes cote d'azur",DREAL Provence-Alpes-Côte d'Azur,
direction regionale de l'environnementde l'amenagement et du logement de bretagne,DREAL Bretagne,
"direction regionale de l’environnement, de l’amenagement et du logement auvergne (dreal auvergne)",DREAL Auvergne,
"direction regionale de l’environnement, de l’amenagement et du logement du centre-val de loire",DREAL Centre-Val de Loire,
"direction regionale de l’environnement, de l’amenagement et du logement nord-pas de calais",DREAL Nord-Pas-de-Calais,
"direction regionale de l’environnement, de l’amenagement et du logement nord-pas decalais",DREAL Nord-Pas-de-Calais,
"direction regionale de l’environnement, de l’amenagement et dulogement auvergne (dreal auvergne)",DREAL Auvergne,
"direction regionale de l’environnement, de l’amenagement et dulogement du centre-val de loire",DREAL Centre-Val de Loire,
"direction regionale de l’environnement, de l’amenagement etdu logement du centre-val de loire",DREAL Centre-Val de Loire,
"direction regionale de l’environnement, de l’amenagementet du logement du centre-val de loire",DREAL Centre-Val de Loire,
"direction regionale de lenvironnement, de l'amenagement et du logement centre-val de loire",DREAL Centre-Val de Loire,
direction regionale del'environnement de l'amenagement et du logement de bretagne,DREAL Bretagne,
"direction regionale del'environnement, de l'amenagement et du logement centre-val de loire",DREAL Centre-Val de Loire,
"direction regionale del'environnement, de l'amenagement et du logement de bourgogne",DREAL Bourgogne,
"direction regionale del'environnement, de l'amenagement et du logement de bretagne",DREAL Bretagne,
"direction regionale del'environnement, de l'amenagement et du logement de champagne-ardenne (dreal-ca)",DREAL Champagne-Ardenne,
"direction regionale del'environnement, de l'amenagement et du logement de corse",DREAL Corse,
"direction regionale del'environnement, de l'amenagement et du logement de franche-comte",DREAL Franche-Comté,
"direction regionale del'environnement, de l'amenagement et du logement de haute-normandie",DREAL Haute-Normandie,
"direction regionale del'environnement, de l'amenagement et du logement de languedoc-roussillon",DREAL Languedoc-Roussillon,
"direction regionale del'environnement, de l'amenagement et du logement de picardie",DREAL Picardie,
"direction regionale del'environnement, de l'amenagement et du logement de poitou-charentes",DREAL Poitou-Charentes,
"direction regionale del'environnement, de l'amenagement et du logement de provence alpes cote d'azur",DREAL Provence-Alpes-Côte d'Azur,
"direction regionale del’environnement, de l’amenagement et du logement du centre-val de loire",DREAL Centre-Val de Loire,
"direction regionalede l'environnement, de l'amenagement et du logement (dreal) des pays de la loire",DREAL Pays de la Loire,
"direction regionalede l'environnement, de l'amenagement et du logement centre - val de loire",DREAL Centre-Val de Loire,
"direction regionalede l'environnement, de l'amenagement et du logement centre-val de loire",DREAL Centre-Val de Loire,
"direction regionalede l'environnement, de l'amenagement et du logement de bourgogne",DREAL Bourgogne,
"direction regionalede l'environnement, de l'amenagement et du logement de champagne-ardenne (dreal-ca)",DREAL Champagne-Ardenne,
"direction regionalede l'environnement, de l'amenagement et du logement de corse",DREAL Corse,
"direction regionalede l'environnement, de l'amenagement et du logement de haute-normandie",DREAL Haute-Normandie,
"direction regionalede l'environnement, de l'amenagement et du logement de languedoc-roussillon",DREAL Languedoc-Roussillon,
"direction regionalede l'environnement, de l'amenagement et du logement de provence alpes cote d'azur",DREAL Provence-Alpes-Côte d'Azur,
directionde l'environnement de l'amenagement et du logement de guadeloupe,DEAL Guadeloupe,
"directionregionale de l'environnement, de l'amenagement et du logement centre - val de loire",DREAL Centre-Val de Loire,
"directionregionale de l'environnement, de l'amenagement et du logement centre-val de loire",DREAL Centre-Val de Loire,
"directionregionale de l'environnement, de l'amenagement et du logement de bourgogne",DREAL Bourgogne,
"directionregionale de l'environnement, de l'amenagement et du logement de champagne-ardenne (dreal-ca)",DREAL Champagne-Ardenne,
"directionregionale de l'environnement, de l'amenagement et du logement de corse",DREAL Corse,
"directionregionale de l'environnement, de l'amenagement et du logement de haute-normandie",DREAL Haute-Normandie,
"directionregionale de l'environnement, de l'amenagement et du logement de poitou-charentes",DREAL Poitou-Charentes,
"directionregionale de l'environnement, de l'amenagement et du logement de provence alpes cote d'azur",DREAL Provence-Alpes-Côte d'Azur,
"directionregionale de l’environnement, de l’amenagement et du logement auvergne (dreal auvergne)",DREAL Auvergne,
"directionregionale de l’environnement, de l’amenagement et du logement du centre-val de loire",DREAL Centre-Val de Loire,
"directionregionale de l’environnement, de l’amenagement et du logement nord-pas de calais",DREAL Nord-Pas-de-Calais,
dreal  bretagne/coprev/cpros,DREAL Bretagne,
dreal  poitou-charentes,DREAL Poitou-Charentes,
dreal  rhone-alpes,DREAL Rhône-Alpes,
dreal - npdc,DREAL Nord-Pas-de-Calais,
dreal - pdl srnt,DREAL Pays de la Loire,
dreal -normandie,DREAL Normandie,
dreal alpc,DREAL Nouvelle-Aquitaine,
"dreal alpc (direction regionale de l'environnement, de l'amenagement et du logement aquitaine - limousin - poitou-charentes)",DREAL Nouvelle-Aquitaine,
"dreal alpc (direction regionale de l'environnement, de l'amenagement et du logement aquitaine -limousin - poitou-charentes)",DREAL Nouvelle-Aquitaine,
dreal alsace,DREAL Alsace,
"dreal alsace (direction regionale de l'environnement, de l'amenagement et du logement alsace)",DREAL Alsace,
"dreal alsace (direction regionale de l'environnement, de l'amenagement et du logementalsace)",DREAL Alsace,
"dreal alsace (direction regionale de l'environnement, de l'amenagement et dulogement alsace)",DREAL Alsace,
"dreal alsace (direction regionale de l'environnement, de l'amenagement etdu logement alsace)",DREAL Alsace,
"dreal alsace (direction regionale de l'environnement, de l'amenagementet du logement alsace)",DREAL Alsace,
"dreal alsace (direction regionale de l'environnement, del'amenagement et du logement alsace)",DREAL Alsace,
"dreal alsace (direction regionale de l'environnement,de l'amenagement et du logement alsace)",DREAL Alsace,
"dreal alsace (direction regionale del'environnement, de l'amenagement et du logement alsace)",DREAL Alsace,
"dreal alsace (direction regionalede l'environnement, de l'amenagement et du logement alsace)",DREAL Alsace,
"dreal alsace (directionregionale de l'environnement, de l'amenagement et du logement alsace)",DREAL Alsace,
dreal alsace / cedd / sig,DREAL Alsace,
dreal alsace / milieux et risques naturels,DREAL Alsace,
dreal alsace / milieuxet risques naturels,DREAL Alsace,
dreal alsace / systeme d'information geographique,DREAL Alsace,
dreal alsace /milieux et risques naturels,DREAL Alsace,
dreal alsace champagne-ardenne lorraine,DREAL Grand Est,
"dreal alsace(direction regionale de l'environnement, de l'amenagement et du logement alsace)",DREAL Alsace,
dreal alsace/ systeme d'information geographique,DREAL Alsace,
dreal aquitaine,DREAL Aquitaine,
dreal aquitaine - limousin - poitou-charentes,DREAL Nouvelle-Aquitaine,
dreal aquitaine - limousin- poitou-charentes,DREAL Nouvelle-Aquitaine,
"dreal aquitaine - mce unite observation, etudes et statistiques",DREAL Aquitaine,
"dreal aquitaine - mce uniteobservation, etudes et statistiques",DREAL Aquitaine,
dreal aquitaine – limousin – poitou-charentes,DREAL Nouvelle-Aquitaine,
"dreal aquitaine (direction regionale de l'environnement, de l'amenagement et du logement aquitaine)",DREAL Aquitaine,
"dreal aquitaine (direction regionale de l'environnement, de l'amenagement et du logementaquitaine)",DREAL Aquitaine,
"dreal aquitaine (direction regionale de l'environnement, de l'amenagement et dulogement aquitaine)",DREAL Aquitaine,
"dreal aquitaine (direction regionale de l'environnement, de l'amenagement etdu logement aquitaine)",DREAL Aquitaine,
"dreal aquitaine (direction regionale de l'environnement, de l'amenagementet du logement aquitaine)",DREAL Aquitaine,
"dreal aquitaine (direction regionale de l'environnement, del'amenagement et du logement aquitaine)",DREAL Aquitaine,
"dreal aquitaine (direction regionale de l'environnement,de l'amenagement et du logement aquitaine)",DREAL Aquitaine,
"dreal aquitaine (direction regionale del'environnement, de l'amenagement et du logement aquitaine)",DREAL Aquitaine,
"dreal aquitaine (direction regionalede l'environnement, de l'amenagement et du logement aquitaine)",DREAL Aquitaine,
"dreal aquitaine (directionregionale de l'environnement, de l'amenagement et du logement aquitaine)",DREAL Aquitaine,
dreal aquitaine / mission connaissance et evaluation,DREAL Aquitaine,
dreal aquitaine / spr / scsoh,DREAL Aquitaine,
dreal aquitaine limousin poitou-charentes,DREAL Nouvelle-Aquitaine,
dreal aquitaine limousin poutou-charentes,?????,
dreal aquitaine limousinpoitou-charentes,DREAL Nouvelle-Aquitaine,
"dreal aquitaine(direction regionale de l'environnement, de l'amenagement et du logement aquitaine)",DREAL Aquitaine,
dreal aquitainelimousin poitou-charentes,DREAL Nouvelle-Aquitaine,
dreal auvergne,DREAL Auvergne,
"dreal auvergne (direction regionale de l'environnement, de l'amenagement et du logement auvergne-rhone-alpes)",DREAL Auvergne-Rhône-Alpes,
"dreal auvergne (direction regionale de l'environnement, de l'amenagement et du logement auvergne)",DREAL Auvergne,
"dreal auvergne (direction regionale de l'environnement, de l'amenagement et du logementauvergne)",DREAL Auvergne,
"dreal auvergne (direction regionale de l'environnement, de l'amenagement et dulogement auvergne)",DREAL Auvergne,
"dreal auvergne (direction regionale de l'environnement, de l'amenagement etdu logement auvergne)",DREAL Auvergne,
"dreal auvergne (direction regionale de l'environnement, de l'amenagementet du logement auvergne)",DREAL Auvergne,
"dreal auvergne (direction regionale de l'environnement, del'amenagement et du logement auvergne)",DREAL Auvergne,
"dreal auvergne (direction regionale de l'environnement,de l'amenagement et du logement auvergne)",DREAL Auvergne,
"dreal auvergne (direction regionale del'environnement, de l'amenagement et du logement auvergne)",DREAL Auvergne,
"dreal auvergne (direction regionalede l'environnement, de l'amenagement et du logement auvergne)",DREAL Auvergne,
"dreal auvergne (directionregionale de l'environnement, de l'amenagement et du logement auvergne)",DREAL Auvergne,
dreal auvergne a clermont ferrand,DREAL Auvergne,
dreal auvergne stelep,DREAL Auvergne,
dreal auvergne-rhone-alpes,DREAL Auvergne-Rhône-Alpes,
"dreal auvergne-rhone-alpes (direction regionale de l'environnement, de l'amenagement et du logement auvergne-rhone-alpes)",DREAL Auvergne-Rhône-Alpes,
"dreal auvergne-rhone-alpes (direction regionale de l'environnement, de l'amenagement et dulogement auvergne-rhone-alpes)",DREAL Auvergne-Rhône-Alpes,
"dreal auvergne-rhone-alpes (direction regionale de l'environnement, de l'amenagement etdu logement auvergne-rhone-alpes)",DREAL Auvergne-Rhône-Alpes,
"dreal auvergne-rhone-alpes (direction regionale de l'environnement, de l'amenagementet du logement auvergne-rhone-alpes)",DREAL Auvergne-Rhône-Alpes,
"dreal auvergne-rhone-alpes (direction regionale de l'environnement,de l'amenagement et du logement auvergne-rhone-alpes)",DREAL Auvergne-Rhône-Alpes,
"dreal auvergne-rhone-alpes (direction regionale del'environnement, de l'amenagement et du logement auvergne-rhone-alpes)",DREAL Auvergne-Rhône-Alpes,
"dreal auvergne-rhone-alpes (direction regionalede l'environnement, de l'amenagement et du logement auvergne-rhone-alpes)",DREAL Auvergne-Rhône-Alpes,
"dreal auvergne-rhone-alpes (directionregionale de l'environnement, de l'amenagement et du logement auvergne-rhone-alpes)",DREAL Auvergne-Rhône-Alpes,
"dreal auvergne(direction regionale de l'environnement, de l'amenagement et du logement auvergne)",DREAL Auvergne,
dreal auvergne/stelep/eea,DREAL Auvergne,
dreal auvrgne-rhone-alpes,DREAL Rhône-Alpes,
dreal b.normandie,DREAL Basse-Normandie,
dreal basse normandie,DREAL Basse-Normandie,
dreal basse-normandie,DREAL Basse-Normandie,
"dreal basse-normandie - service amenagement des territoires, infrastructures et habitat (satih)",DREAL Basse-Normandie,
dreal basse-normandie / srmp,DREAL Basse-Normandie,
dreal bourggogne-franche-comte,DREAL Bourgogne-Franche-Comté,
dreal bourgogn-franche-comte,DREAL Bourgogne-Franche-Comté,
dreal bourgogne,DREAL Bourgogne,
dreal bourgogne - srpn,DREAL Bourgogne,
dreal bourgogne / service developpement durable,DREAL Bourgogne,
dreal bourgogne-franche-comte,DREAL Bourgogne-Franche-Comté,
dreal bourgogne-franche-comte - sbep,DREAL Bourgogne-Franche-Comté,
dreal bourgogne/sdd/gvi,DREAL Bourgogne,
dreal bretagne,DREAL Bretagne,
dreal bretagne - spn/bgp,DREAL Bretagne,
"dreal bretagne (direction regionale de l'environnement, de l'amenagement et du logement bretagne)",DREAL Bretagne,
"dreal bretagne (direction regionale de l'environnement, de l'amenagement et du logement de bretagne)",DREAL Bretagne,
"dreal bretagne (direction regionale de l'environnement, de l'amenagement et du logementbretagne)",DREAL Bretagne,
"dreal bretagne (direction regionale del'environnement, de l'amenagement et du logement bretagne)",DREAL Bretagne,
"dreal bretagne (directionregionale de l'environnement, de l'amenagement et du logement bretagne)",DREAL Bretagne,
dreal bretagne / service du patrimoine naturel,DREAL Bretagne,
dreal bretagne/coprev/cpros,DREAL Bretagne,
dreal centre,DREAL Centre-Val de Loire,
dreal centre - add,DREAL Centre-Val de Loire,
dreal centre - val de loire,DREAL Centre-Val de Loire,
dreal centre (donnees risques),DREAL Centre-Val de Loire,
dreal centre val de loire,DREAL Centre-Val de Loire,
dreal centre val de loire val de loire,DREAL Centre-Val de Loire,
dreal centre-val de loire,DREAL Centre-Val de Loire,
"dreal centre-val de loire (direction regionale de l'environnement, de l'amenagement et du logement)",DREAL Centre-Val de Loire,
"dreal centre-val de loire (directionregionale de l'environnement, de l'amenagement et du logement)",DREAL Centre-Val de Loire,
dreal centre-val de loire / seb,DREAL Centre-Val de Loire,
dreal centre-val de loire / seir,DREAL Centre-Val de Loire,
dreal centre-val deloire,DREAL Centre-Val de Loire,
dreal centre-valde loire,DREAL Centre-Val de Loire,
dreal centre(donnees risques),DREAL Centre-Val de Loire,
dreal champ.ard.,DREAL Champagne-Ardenne,
dreal champ.ard. (direction regionale de l,DREAL Champagne-Ardenne,
"dreal champ.ard. (direction regionale de l'environnement, de l'amenagement et du logement de champagne-ardenne)",DREAL Champagne-Ardenne,
"dreal champ.ard. (direction regionale de l'environnement, de l'amenagement et du logement dechampagne-ardenne)",DREAL Champagne-Ardenne,
"dreal champ.ard. (direction regionale de l'environnement, de l'amenagement et du logementde champagne-ardenne)",DREAL Champagne-Ardenne,
"dreal champ.ard. (direction regionale de l'environnement, de l'amenagement et dulogement de champagne-ardenne)",DREAL Champagne-Ardenne,
"dreal champ.ard. (direction regionale de l'environnement, de l'amenagement etdu logement de champagne-ardenne)",DREAL Champagne-Ardenne,
"dreal champ.ard. (direction regionale de l'environnement, de l'amenagementet du logement de champagne-ardenne)",DREAL Champagne-Ardenne,
"dreal champ.ard. (direction regionale de l'environnement, del'amenagement et du logement de champagne-ardenne)",DREAL Champagne-Ardenne,
"dreal champ.ard. (direction regionale del'environnement, de l'amenagement et du logement de champagne-ardenne)",DREAL Champagne-Ardenne,
"dreal champ.ard. (direction regionalede l'environnement, de l'amenagement et du logement de champagne-ardenne)",DREAL Champagne-Ardenne,
"dreal champ.ard.(direction regionale de l'environnement, de l'amenagement et du logement de champagne-ardenne)",DREAL Champagne-Ardenne,
"dreal champagne-ardenne (direction regionale de l'environnement, de l'amenagement et du logement de champagne-ardenne)",DREAL Champagne-Ardenne,
"dreal champagne-ardenne, mission connaissance et developpement durable",DREAL Champagne-Ardenne,
dreal corse,DREAL Corse,
dreal de basse-normandie,DREAL Basse-Normandie,
dreal de corse,DREAL Corse,
dreal de franche-comte,DREAL Franche-Comté,
dreal de franche-comte besacon,DREAL Franche-Comté,
dreal de haute-normandie,DREAL Haute-Normandie,
dreal de normandie,DREAL Normandie,
dreal de picardie,DREAL Picardie,
dreal de picardie/pole gestion de la connaissance/unite sig,DREAL Picardie,
dreal defranche-comte,DREAL Franche-Comté,
dreal depicardie,DREAL Picardie,
dreal des pays de la loire,DREAL Pays de la Loire,
dreal fr.comte,DREAL Franche-Comté,
"dreal fr.comte (direction regionale de l'environnement, de l'amenagement et du logement franche-comte)",DREAL Franche-Comté,
"dreal fr.comte (direction regionale de l'environnement, de l'amenagement et du logementfranche-comte)",DREAL Franche-Comté,
"dreal fr.comte (direction regionale de l'environnement, de l'amenagement et dulogement franche-comte)",DREAL Franche-Comté,
"dreal fr.comte (direction regionale de l'environnement, de l'amenagement etdu logement franche-comte)",DREAL Franche-Comté,
"dreal fr.comte (direction regionale de l'environnement, de l'amenagementet du logement franche-comte)",DREAL Franche-Comté,
"dreal fr.comte (direction regionale de l'environnement, del'amenagement et du logement franche-comte)",DREAL Franche-Comté,
"dreal fr.comte (direction regionale de l'environnement,de l'amenagement et du logement franche-comte)",DREAL Franche-Comté,
"dreal fr.comte (direction regionale del'environnement, de l'amenagement et du logement franche-comte)",DREAL Franche-Comté,
"dreal fr.comte (direction regionalede l'environnement, de l'amenagement et du logement franche-comte)",DREAL Franche-Comté,
"dreal fr.comte (directionregionale de l'environnement, de l'amenagement et du logement franche-comte)",DREAL Franche-Comté,
"dreal fr.comte (directionregionale de l'environnement, de l'amenagement et du logementfranche-comte)",DREAL Franche-Comté,
"dreal fr.comte(direction regionale de l'environnement, de l'amenagement et du logement franche-comte)",DREAL Franche-Comté,
dreal franche-comte,DREAL Franche-Comté,
dreal franche-comte - service edad - departement information geographique,DREAL Franche-Comté,
dreal franche-comte - service edad - departement informationgeographique,DREAL Franche-Comté,
dreal franche-comte - service edad - departementinformation geographique,DREAL Franche-Comté,
dreal franche-comte - service edad -departement information geographique,DREAL Franche-Comté,
dreal franche-comte - service edad- departement information geographique,DREAL Franche-Comté,
dreal franche-comte - serviceedad - departement information geographique,DREAL Franche-Comté,
dreal franche-comte -service edad - departement information geographique,DREAL Franche-Comté,
dreal franche-comte- service edad - departement information geographique,DREAL Franche-Comté,
dreal grand est,DREAL Grand Est,
dreal guyane,DEAL Guyane,
dreal h.normandie,DREAL Haute-Normandie,
dreal h.normandie (direction regionale de l,DREAL Haute-Normandie,
"dreal h.normandie (direction regionale de l environnement, de l amenagement et du logement haute-normandie)",DREAL Haute-Normandie,
"dreal h.normandie (direction regionale de l environnement, de l amenagement et du logementhaute-normandie)",DREAL Haute-Normandie,
"dreal h.normandie (direction regionale de l environnement, de l amenagement et dulogement haute-normandie)",DREAL Haute-Normandie,
"dreal h.normandie (direction regionale de l environnement, de l amenagement etdu logement haute-normandie)",DREAL Haute-Normandie,
"dreal h.normandie (direction regionale de l environnement, de l amenagementet du logement haute-normandie)",DREAL Haute-Normandie,
"dreal h.normandie (direction regionale de l environnement, de lamenagement et du logement haute-normandie)",DREAL Haute-Normandie,
"dreal h.normandie (direction regionale de l environnement, del amenagement et du logement haute-normandie)",DREAL Haute-Normandie,
"dreal h.normandie (direction regionale de l environnement,de l amenagement et du logement haute-normandie)",DREAL Haute-Normandie,
"dreal h.normandie (direction regionale de l'environnement, de l'amenagement et du logement haute-normandie)",DREAL Haute-Normandie,
"dreal h.normandie (direction regionale de l'environnement, de l'amenagement et du logementhaute-normandie)",DREAL Haute-Normandie,
"dreal h.normandie (direction regionale de l'environnement, de l'amenagement et dulogement haute-normandie)",DREAL Haute-Normandie,
"dreal h.normandie (direction regionale de l'environnement, de l'amenagement etdu logement haute-normandie)",DREAL Haute-Normandie,
"dreal h.normandie (direction regionale de l'environnement, de l'amenagementet du logement haute-normandie)",DREAL Haute-Normandie,
"dreal h.normandie (direction regionale de l'environnement, del'amenagement et du logement haute-normandie)",DREAL Haute-Normandie,
"dreal h.normandie (direction regionale de l'environnement,de l'amenagement et du logement haute-normandie)",DREAL Haute-Normandie,
"dreal h.normandie (direction regionale de lenvironnement, de l amenagement et du logement haute-normandie)",DREAL Haute-Normandie,
dreal h.normandie (direction regionale del,DREAL Haute-Normandie,
"dreal h.normandie (direction regionale del environnement, de l amenagement et du logement haute-normandie)",DREAL Haute-Normandie,
"dreal h.normandie (direction regionale del'environnement, de l'amenagement et du logement haute-normandie)",DREAL Haute-Normandie,
dreal h.normandie (direction regionalede l,DREAL Haute-Normandie,
"dreal h.normandie (direction regionalede l environnement, de l amenagement et du logement haute-normandie)",DREAL Haute-Normandie,
"dreal h.normandie (direction regionalede l'environnement, de l'amenagement et du logement haute-normandie)",DREAL Haute-Normandie,
dreal h.normandie (directionregionale de l,DREAL Haute-Normandie,
"dreal h.normandie (directionregionale de l environnement, de l amenagement et du logement haute-normandie)",DREAL Haute-Normandie,
"dreal h.normandie (directionregionale de l'environnement, de l'amenagement et du logement haute-normandie)",DREAL Haute-Normandie,
dreal h.normandie(direction regionale de l,DREAL Haute-Normandie,
"dreal h.normandie(direction regionale de l environnement, de l amenagement et du logement haute-normandie)",DREAL Haute-Normandie,
"dreal h.normandie(direction regionale de l'environnement, de l'amenagement et du logement haute-normandie)",DREAL Haute-Normandie,
dreal haute normandie,DREAL Haute-Normandie,
dreal haute normandie - magd - padg compte dreal hn,DREAL Haute-Normandie,
dreal haute normandie - magd - pole administration des donnees et geomatique,DREAL Haute-Normandie,
dreal haute-normandie,DREAL Haute-Normandie,
dreal haute-normandie - magd,DREAL Haute-Normandie,
dreal haute-normandie - magd - padg,DREAL Haute-Normandie,
dreal haute-normandie - seclad,DREAL Haute-Normandie,
dreal haute-normandie - sre - bureau hydrometrie et previsions des crues,DREAL Haute-Normandie,
dreal haute-normandie - sri,DREAL Haute-Normandie,
dreal haute-normandie - sstr,DREAL Haute-Normandie,
dreal haute-normandie / magd,DREAL Haute-Normandie,
"dreal lang.rous (direction regionale de l'environnement, de l'amenagement et du logement languedoc-roussillon)",DREAL Languedoc-Roussillon,
"dreal lang.rous (direction regionale de l'environnement, de l'amenagement etdu logement languedoc-roussillon)",DREAL Languedoc-Roussillon,
"dreal lang.rous (direction regionale de l'environnement, del'amenagement et du logement languedoc-roussillon)",DREAL Languedoc-Roussillon,
"dreal lang.rous (direction regionalede l'environnement, de l'amenagement et du logement languedoc-roussillon)",DREAL Languedoc-Roussillon,
dreal lang.rous.,DREAL Languedoc-Roussillon,
"dreal lang.rous. (direction regionale de l'environnement, de l'amenagement et du logement languedoc-roussillon)",DREAL Languedoc-Roussillon,
"dreal lang.rous. (direction regionale de l'environnement, de l'amenagement et du logementlanguedoc-roussillon)",DREAL Languedoc-Roussillon,
"dreal lang.rous. (direction regionale de l'environnement, de l'amenagement et dulogement languedoc-roussillon)",DREAL Languedoc-Roussillon,
"dreal lang.rous. (direction regionale de l'environnement, de l'amenagement etdu logement languedoc-roussillon)",DREAL Languedoc-Roussillon,
"dreal lang.rous. (direction regionale de l'environnement, de l'amenagement etdu logementlanguedoc-roussillon)",DREAL Languedoc-Roussillon,
"dreal lang.rous. (direction regionale de l'environnement, de l'amenagementet du logement languedoc-roussillon)",DREAL Languedoc-Roussillon,
"dreal lang.rous. (direction regionale de l'environnement, del'amenagement et du logement languedoc-roussillon)",DREAL Languedoc-Roussillon,
"dreal lang.rous. (direction regionale de l'environnement,de l'amenagement et du logement languedoc-roussillon)",DREAL Languedoc-Roussillon,
"dreal lang.rous. (direction regionale del'environnement, de l'amenagement et du logement languedoc-roussillon)",DREAL Languedoc-Roussillon,
"dreal lang.rous. (direction regionalede l'environnement, de l'amenagement et du logement languedoc-roussillon)",DREAL Languedoc-Roussillon,
"dreal lang.rous. (directionregionale de l'environnement, de l'amenagement et du logement languedoc-roussillon)",DREAL Languedoc-Roussillon,
"dreal lang.rous.(direction regionale de l'environnement, de l'amenagement et du logement languedoc-roussillon)",DREAL Languedoc-Roussillon,
"dreal lang.rous(direction regionale de l'environnement, de l'amenagement et du logement languedoc-roussillon)",DREAL Languedoc-Roussillon,
dreal languedoc roussillon,DREAL Languedoc-Roussillon,
dreal languedoc-roussillon,DREAL Languedoc-Roussillon,
dreal languedoc-roussillon - midi-pyrenees - dec/dc/sig,DREAL Occitanie,
dreal languedoc-roussillon - midi-pyrenees - dt/dmorn,DREAL Occitanie,
dreal languedoc-roussillon / dynamique sedimentaire et aleas cotiers,DREAL Languedoc-Roussillon,
dreal languedoc-roussillon / habitat-logement,DREAL Languedoc-Roussillon,
dreal languedoc-roussillon / risques naturels,DREAL Languedoc-Roussillon,
dreal languedoc-roussillon-midi-pyrenees,DREAL Occitanie,
"dreal languedoc-roussillon-midi-pyrenees (direction regionale de l'environnement, de l'amenagement et du logement languedoc-roussillon-midi-pyrenees)",DREAL Occitanie,
dreal limousin,DREAL Limousin,
dreal limousin / srdd,DREAL Limousin,
dreal lorraine,DREAL Lorraine,
"dreal lorraine (direction regionale de l'environnement, de l'amenagement et du logement lorraine)",DREAL Lorraine,
"dreal lorraine (direction regionale de l'environnement, de l'amenagement et du logementlorraine)",DREAL Lorraine,
"dreal lorraine (direction regionale de l'environnement, de l'amenagement et dulogement lorraine)",DREAL Lorraine,
"dreal lorraine (direction regionale de l'environnement, de l'amenagement etdu logement lorraine)",DREAL Lorraine,
"dreal lorraine (direction regionale de l'environnement, de l'amenagementet du logement lorraine)",DREAL Lorraine,
"dreal lorraine (direction regionale de l'environnement, del'amenagement et du logement lorraine)",DREAL Lorraine,
"dreal lorraine (direction regionale de l'environnement,de l'amenagement et du logement lorraine)",DREAL Lorraine,
"dreal lorraine (direction regionale del'environnement, de l'amenagement et du logement lorraine)",DREAL Lorraine,
"dreal lorraine (direction regionalede l'environnement, de l'amenagement et du logement lorraine)",DREAL Lorraine,
"dreal lorraine (directionregionale de l'environnement, de l'amenagement et du logement lorraine)",DREAL Lorraine,
"dreal lorraine(direction regionale de l'environnement, de l'amenagement et du logement lorraine)",DREAL Lorraine,
dreal lorrraine de bassin rhin-meuse,DREAL Lorraine,
dreal lorrrainede bassin rhin-meuse,DREAL Lorraine,
dreal lr,DREAL Languedoc-Roussillon,
dreal lr - adelie,DREAL Languedoc-Roussillon,
dreal lr /  sevice biodiversite,DREAL Languedoc-Roussillon,
dreal lr / eau et milieux aquatiques,DREAL Languedoc-Roussillon,
dreal lr / paysage et aires protegees,DREAL Languedoc-Roussillon,
dreal lr / paysageet aires protegees,DREAL Languedoc-Roussillon,
dreal lr / se / energie climat air,DREAL Languedoc-Roussillon,
dreal lr /paysage et aires protegees,DREAL Languedoc-Roussillon,
dreal lr/ paysage et aires protegees,DREAL Languedoc-Roussillon,
dreal midi pyrenees - scec,DREAL Midi-Pyrénées,
dreal midi pyrenees - scec-dsi,DREAL Midi-Pyrénées,
dreal midi-pyr.,DREAL Midi-Pyrénées,
dreal midi-pyrenees,DREAL Midi-Pyrénées,
dreal midi-pyrenees  scec,DREAL Midi-Pyrénées,
dreal midi-pyrenees  scec/unite sig,DREAL Midi-Pyrénées,
dreal midi-pyrenees - scec,DREAL Midi-Pyrénées,
dreal midi-pyrenees - scec-,DREAL Midi-Pyrénées,
dreal midi-pyrenees - scec-dsi,DREAL Midi-Pyrénées,
"dreal midi-pyrenees (direction regionale de l'environnement, de l'amenagement et du logement midi-pyrenees)",DREAL Midi-Pyrénées,
"dreal midi-pyrenees (direction regionale de l'environnement, de l'amenagement et du logementmidi-pyrenees)",DREAL Midi-Pyrénées,
"dreal midi-pyrenees (direction regionale de l'environnement, de l'amenagement et dulogement midi-pyrenees)",DREAL Midi-Pyrénées,
"dreal midi-pyrenees (direction regionale de l'environnement, de l'amenagement etdu logement midi-pyrenees)",DREAL Midi-Pyrénées,
"dreal midi-pyrenees (direction regionale de l'environnement, de l'amenagementet du logement midi-pyrenees)",DREAL Midi-Pyrénées,
"dreal midi-pyrenees (direction regionale de l'environnement, del'amenagement et du logement midi-pyrenees)",DREAL Midi-Pyrénées,
"dreal midi-pyrenees (direction regionale de l'environnement,de l'amenagement et du logement midi-pyrenees)",DREAL Midi-Pyrénées,
"dreal midi-pyrenees (direction regionale de l’environnement, de l’amenagement et du logement midi-pyrenees)",DREAL Midi-Pyrénées,
"dreal midi-pyrenees (direction regionale del'environnement, de l'amenagement et du logement midi-pyrenees)",DREAL Midi-Pyrénées,
"dreal midi-pyrenees (direction regionalede l'environnement, de l'amenagement et du logement midi-pyrenees)",DREAL Midi-Pyrénées,
"dreal midi-pyrenees (directionregionale de l'environnement, de l'amenagement et du logement midi-pyrenees)",DREAL Midi-Pyrénées,
"dreal midi-pyrenees (directionregionale de l’environnement, de l’amenagement et du logement midi-pyrenees)",DREAL Midi-Pyrénées,
dreal midi-pyrenees (scec/dsi/sig),DREAL Midi-Pyrénées,
dreal midi-pyrenees (sig),DREAL Midi-Pyrénées,
dreal midi-pyrenees scec,DREAL Midi-Pyrénées,
dreal midi-pyrenees scec / unite sig,DREAL Midi-Pyrénées,
dreal midi-pyrenees scec-dsi,DREAL Midi-Pyrénées,
dreal midi-pyrenees scec/unite sig,DREAL Midi-Pyrénées,
dreal midi-pyrenees sig,DREAL Midi-Pyrénées,
dreal midi-pyrenees unite sig,DREAL Midi-Pyrénées,
"dreal midi-pyrenees(direction regionale de l'environnement, de l'amenagement et du logement midi-pyrenees)",DREAL Midi-Pyrénées,
dreal midi-pyrenees(sig),DREAL Midi-Pyrénées,
dreal midi-pyrenees/scec/dsi,DREAL Midi-Pyrénées,
dreal midi-pyrenees/scec/dsi/sig,DREAL Midi-Pyrénées,
dreal midi-pyrenees/srnoh/dprpc,DREAL Midi-Pyrénées,
dreal midi-pyrenees/stael,DREAL Midi-Pyrénées,
dreal midi-pyreneesscec-dsi,DREAL Midi-Pyrénées,
dreal midipyrenees - scec,DREAL Midi-Pyrénées,
dreal mipy,DREAL Midi-Pyrénées,
dreal mp unite sig,DREAL Midi-Pyrénées,
dreal mp/sbrn/division biodiversite,DREAL Midi-Pyrénées,
dreal mp/scec/dsi,DREAL Midi-Pyrénées,
dreal mp/stid/dmorn,DREAL Midi-Pyrénées,
dreal n-pdc,DREAL Nord-Pas-de-Calais,
dreal n-pdc (direction regionale de l'environnement de l'amenagement et du logement du nord - pas de calais),DREAL Nord-Pas-de-Calais,
dreal n-pdc (direction regionale de l'environnement de l'amenagement et du logement du nord - pas decalais),DREAL Nord-Pas-de-Calais,
dreal n-pdc (direction regionale de l'environnement de l'amenagement et du logement du nord - pasde calais),DREAL Nord-Pas-de-Calais,
dreal n-pdc (direction regionale de l'environnement de l'amenagement et du logement du nord -pas de calais),DREAL Nord-Pas-de-Calais,
dreal n-pdc (direction regionale de l'environnement de l'amenagement et du logement du nord- pas de calais),DREAL Nord-Pas-de-Calais,
dreal n-pdc (direction regionale de l'environnement de l'amenagement et du logement dunord - pas de calais),DREAL Nord-Pas-de-Calais,
dreal n-pdc (direction regionale de l'environnement de l'amenagement et du logementdu nord - pas de calais),DREAL Nord-Pas-de-Calais,
dreal n-pdc (direction regionale de l'environnement de l'amenagement et dulogement du nord - pas de calais),DREAL Nord-Pas-de-Calais,
dreal n-pdc (direction regionale de l'environnement de l'amenagement etdu logement du nord - pas de calais),DREAL Nord-Pas-de-Calais,
dreal n-pdc (direction regionale de l'environnement de l'amenagementet du logement du nord - pas de calais),DREAL Nord-Pas-de-Calais,
dreal n-pdc (direction regionale de l'environnement del'amenagement et du logement du nord - pas de calais),DREAL Nord-Pas-de-Calais,
"dreal n-pdc (direction regionale de l'environnement, de l'amenagement et du logement du nord - pas de calais)",DREAL Nord-Pas-de-Calais,
"dreal n-pdc (direction regionale de l'environnement, de l'amenagement et du logement du nord - pas decalais)",DREAL Nord-Pas-de-Calais,
"dreal n-pdc (direction regionale de l'environnement, de l'amenagement et du logement du nord - pasde calais)",DREAL Nord-Pas-de-Calais,
"dreal n-pdc (direction regionale de l'environnement, de l'amenagement et du logement du nord -pas de calais)",DREAL Nord-Pas-de-Calais,
"dreal n-pdc (direction regionale de l'environnement, de l'amenagement et du logement du nord- pas de calais)",DREAL Nord-Pas-de-Calais,
"dreal n-pdc (direction regionale de l'environnement, de l'amenagement et du logement dunord - pas de calais)",DREAL Nord-Pas-de-Calais,
"dreal n-pdc (direction regionale de l'environnement, de l'amenagement et du logementdu nord - pas de calais)",DREAL Nord-Pas-de-Calais,
"dreal n-pdc (direction regionale de l'environnement, de l'amenagement et dulogement du nord - pas de calais)",DREAL Nord-Pas-de-Calais,
"dreal n-pdc (direction regionale de l'environnement, de l'amenagement etdu logement du nord - pas de calais)",DREAL Nord-Pas-de-Calais,
"dreal n-pdc (direction regionale de l'environnement, de l'amenagementet du logement du nord - pas de calais)",DREAL Nord-Pas-de-Calais,
"dreal n-pdc (direction regionale de l'environnement, del'amenagement et du logement du nord - pas de calais)",DREAL Nord-Pas-de-Calais,
"dreal n-pdc (direction regionale de l'environnement,de l'amenagement et du logement du nord - pas de calais)",DREAL Nord-Pas-de-Calais,
dreal n-pdc (direction regionale de l'environnementde l'amenagement et du logement du nord - pas de calais),DREAL Nord-Pas-de-Calais,
dreal n-pdc (direction regionale del'environnement de l'amenagement et du logement du nord - pas de calais),DREAL Nord-Pas-de-Calais,
"dreal n-pdc (direction regionale del'environnement, de l'amenagement et du logement du nord - pas de calais)",DREAL Nord-Pas-de-Calais,
dreal n-pdc (direction regionalede l'environnement de l'amenagement et du logement du nord - pas de calais),DREAL Nord-Pas-de-Calais,
"dreal n-pdc (direction regionalede l'environnement, de l'amenagement et du logement du nord - pas de calais)",DREAL Nord-Pas-de-Calais,
dreal n-pdc (directionregionale de l'environnement de l'amenagement et du logement du nord - pas de calais),DREAL Nord-Pas-de-Calais,
"dreal n-pdc (directionregionale de l'environnement, de l'amenagement et du logement du nord - pas de calais)",DREAL Nord-Pas-de-Calais,
dreal n-pdc(direction regionale de l'environnement de l'amenagement et du logement du nord - pas de calais),DREAL Nord-Pas-de-Calais,
"dreal n-pdc(direction regionale de l'environnement, de l'amenagement et du logement du nord - pas de calais)",DREAL Nord-Pas-de-Calais,
dreal nord - pas de calais,DREAL Nord-Pas-de-Calais,
dreal nord - pas-de-calais,DREAL Nord-Pas-de-Calais,
dreal nord pas-de-calais,DREAL Nord-Pas-de-Calais,
dreal nord-pas de calais,DREAL Nord-Pas-de-Calais,
dreal nord-pas decalais,DREAL Nord-Pas-de-Calais,
dreal nord-pasde calais,DREAL Nord-Pas-de-Calais,
dreal nordpas-de-calais,DREAL Nord-Pas-de-Calais,
dreal normandie,DREAL Normandie,
"dreal normandie (direction regionale de l'environnement, de l'amenagement et du logement normandie)",DREAL Normandie,
"dreal normandie (direction regionale de l'environnement, de l'amenagement et dulogement normandie)",DREAL Normandie,
"dreal normandie(direction regionale de l'environnement, de l'amenagement et du logement normandie)",DREAL Normandie,
dreal nouvelle-aqitaine,DREAL Nouvelle-Aquitaine,
dreal nouvelle-aquitaine,DREAL Nouvelle-Aquitaine,
dreal nouvelle-aquitaine - micat - site de limoges,DREAL Nouvelle-Aquitaine,
dreal nouvelle-aquitaine - micat - site de poitiers,DREAL Nouvelle-Aquitaine,
dreal nouvelle-aquitaine - spr/ scsoh,DREAL Nouvelle-Aquitaine,
"dreal nouvelle-aquitaine (direction regionale de l'environnement, de l'amenagement et du logement aquitaine)",DREAL Nouvelle-Aquitaine,
dreal nouvelle-aquitaine- micat - site de limoges,DREAL Nouvelle-Aquitaine,
dreal nouvelle-aquitaine/micat,DREAL Nouvelle-Aquitaine,
dreal nouvelle-aquitaine/sei,DREAL Nouvelle-Aquitaine,
dreal npdc,DREAL Nord-Pas-de-Calais,
dreal occitanie,DREAL Occitanie,
"dreal occitanie (direction regionale de l'enivironnement, de l'amenagement et du logement)",DREAL Occitanie,
"dreal occitanie (direction regionale de l'environnement, de l'amenagement et du logement occitanie)",DREAL Occitanie,
"dreal occitanie (direction regionale de l'environnement, de l'amenagement et du logement)",DREAL Occitanie,
"dreal occitanie (direction regionale de l'environnement, de l'amenagement etdu logement occitanie)",DREAL Occitanie,
"dreal occitanie (direction regionale de l'environnement,de l'amenagement et du logement occitanie)",DREAL Occitanie,
"dreal occitanie (direction regionale del'environnement, de l'amenagement et du logement occitanie)",DREAL Occitanie,
"dreal occitanie (directionregionale de l'environnement, de l'amenagement et du logement occitanie)",DREAL Occitanie,
dreal paca,DREAL Provence-Alpes-Côte d'Azur,
dreal paca - sbep / unite biodiversite - pole protection et gestion de la nature,DREAL Provence-Alpes-Côte d'Azur,
dreal paca - sbep / unite donnees de l'eau,DREAL Provence-Alpes-Côte d'Azur,
dreal pays de la loire,DREAL Pays de la Loire,
"dreal pays de la loire (direction regionale de l'environnement, de l'amenagement et du logement pays de la loire)",DREAL Pays de la Loire,
"dreal pays de la loire (direction regionale de l'environnement, de l'amenagement et du logement pays de laloire)",DREAL Pays de la Loire,
"dreal pays de la loire (direction regionale de l'environnement, de l'amenagement et du logement pays dela loire)",DREAL Pays de la Loire,
"dreal pays de la loire (direction regionale de l'environnement, de l'amenagement et du logement paysde la loire)",DREAL Pays de la Loire,
"dreal pays de la loire (direction regionale de l'environnement, de l'amenagement et du logementpays de la loire)",DREAL Pays de la Loire,
"dreal pays de la loire (direction regionale de l'environnement, de l'amenagement et dulogement pays de la loire)",DREAL Pays de la Loire,
"dreal pays de la loire (direction regionale de l'environnement, de l'amenagement etdu logement pays de la loire)",DREAL Pays de la Loire,
"dreal pays de la loire (direction regionale de l'environnement, de l'amenagementet du logement pays de la loire)",DREAL Pays de la Loire,
"dreal pays de la loire (direction regionale de l'environnement, del'amenagement et du logement pays de la loire)",DREAL Pays de la Loire,
"dreal pays de la loire (direction regionale de l'environnement,de l'amenagement et du logement pays de la loire)",DREAL Pays de la Loire,
"dreal pays de la loire (direction regionale del'environnement, de l'amenagement et du logement pays de la loire)",DREAL Pays de la Loire,
"dreal pays de la loire (direction regionalede l'environnement, de l'amenagement et du logement pays de la loire)",DREAL Pays de la Loire,
"dreal pays de la loire (direction regionalede l'environnement, de l'amenagement et du logement pays de laloire)",DREAL Pays de la Loire,
"dreal pays de la loire (direction regionalede l'environnement, del'amenagement et du logement pays de la loire)",DREAL Pays de la Loire,
"dreal pays de la loire (directionregionale de l'environnement, de l'amenagement et du logement pays de la loire)",DREAL Pays de la Loire,
dreal pays de la loire / srnt,DREAL Pays de la Loire,
dreal pays de la loire srnt,DREAL Pays de la Loire,
"dreal pays de la loire(direction regionale de l'environnement, de l'amenagement et du logement pays de la loire)",DREAL Pays de la Loire,
"dreal pays de la loire(direction regionale del'environnement, de l'amenagement et du logement pays de la loire)",DREAL Pays de la Loire,
dreal pays de laloire,DREAL Pays de la Loire,
"dreal pays de laloire (direction regionale de l'environnement, de l'amenagement et du logement pays de la loire)",DREAL Pays de la Loire,
dreal pays de loire,DREAL Pays de la Loire,
dreal pays dela loire,DREAL Pays de la Loire,
"dreal pays dela loire (direction regionale de l'environnement, de l'amenagement et du logement pays de la loire)",DREAL Pays de la Loire,
"dreal pays dela loire (direction regionale de l'environnement, de l'amenagement et du logement pays de laloire)",DREAL Pays de la Loire,
dreal pays-de-la-loire,DREAL Pays de la Loire,
dreal paysde la loire,DREAL Pays de la Loire,
"dreal paysde la loire (direction regionale de l'environnement, de l'amenagement et du logement pays de la loire)",DREAL Pays de la Loire,
dreal pc,DREAL Poitou-Charentes,
dreal picardie,DREAL Picardie,
dreal picardie - snep,DREAL Picardie,
dreal picardie / service sig,DREAL Picardie,
dreal picardie / service snep,DREAL Picardie,
dreal picardie / service spri,DREAL Picardie,
dreal picardie / servicesig,DREAL Picardie,
dreal picardie / servicesnep,DREAL Picardie,
dreal picardie /service sig,DREAL Picardie,
dreal picardie /service snep,DREAL Picardie,
dreal picardie/ service sig,DREAL Picardie,
dreal picardie/gestion de la connaissance/sig,DREAL Picardie,
dreal poitou-charentes,DREAL Poitou-Charentes,
dreal poitou-charentes / scte/dcat,DREAL Poitou-Charentes,
dreal poitou-charentes/srtn,DREAL Poitou-Charentes,
dreal provence-alpes-cote d'azur,DREAL Provence-Alpes-Côte d'Azur,
dreal ra / cepe / udg,DREAL Rhône-Alpes,
dreal ra / cepe / uds,DREAL Rhône-Alpes,
dreal rhone alpes,DREAL Rhône-Alpes,
dreal rhone alpes / service prevention des risques,DREAL Rhône-Alpes,
dreal rhone alpes service prevention des risques,DREAL Rhône-Alpes,
dreal rhone-alpes,DREAL Rhône-Alpes,
dreal rhone-alpes - ddt de rhone-alpes,DREAL Rhône-Alpes,
dreal rhone-alpes- ddt de rhone-alpes,DREAL Rhône-Alpes,
dreal rhonealpes,DREAL Rhône-Alpes,
dreal_alsace,DREAL Alsace,
dreal_aquitaine,DREAL Aquitaine,
dreal_b_normandie,DREAL Basse-Normandie,
dreal_bourgogne,DREAL Bourgogne,
dreal_bretagne,DREAL Bretagne,
dreal_champ_ard,DREAL Champagne-Ardenne,
dreal_fr_comte,DREAL Franche-Comté,
dreal_h_normandie,DREAL Haute-Normandie,
dreal_lang_rous,DREAL Languedoc-Roussillon,
dreal_limousin,DREAL Limousin,
dreal_picardie,DREAL Picardie,
dreal- npdc,DREAL Nord-Pas-de-Calais,
dreal-mp/sbrn/demarn,DREAL Midi-Pyrénées,
dreal-mp/srbn/demarn,DREAL Midi-Pyrénées,
dreal-normandie,DREAL Normandie,
dreal-paca,DREAL Provence-Alpes-Côte d'Azur,
drealalsace,DREAL Alsace,
"drealalsace (direction regionale de l'environnement, de l'amenagement et du logement alsace)",DREAL Alsace,
drealalsace / milieux et risques naturels,DREAL Alsace,
drealaquitaine,DREAL Aquitaine,
"drealaquitaine (direction regionale de l'environnement, de l'amenagement et du logement aquitaine)",DREAL Aquitaine,
drealaquitaine limousin poitou-charentes,DREAL Nouvelle-Aquitaine,
"drealauvergne (direction regionale de l'environnement, de l'amenagement et du logement auvergne)",DREAL Auvergne,
drealbasse-normandie,DREAL Basse-Normandie,
drealbourgogne,DREAL Bourgogne,
drealbourgogne - srpn,DREAL Bourgogne,
drealbourgogne-franche-comte,DREAL Bourgogne-Franche-Comté,
drealbourgogne-franche-comte - sbep,DREAL Bourgogne-Franche-Comté,
drealbourgogne/sdd/gvi,DREAL Bourgogne,
drealbretagne,DREAL Bretagne,
"drealbretagne (direction regionale de l'environnement, de l'amenagement et du logement bretagne)",DREAL Bretagne,
drealcentre,DREAL Centre-Val de Loire,
drealcentre-val de loire,DREAL Centre-Val de Loire,
"drealcentre-val de loire (direction regionale de l'environnement, de l'amenagement et du logement)",DREAL Centre-Val de Loire,
"drealchamp.ard. (direction regionale de l'environnement, de l'amenagement et du logement de champagne-ardenne)",DREAL Champagne-Ardenne,
drealde corse,DREAL Corse,
"drealfr.comte (direction regionale de l'environnement, de l'amenagement et du logement franche-comte)",DREAL Franche-Comté,
drealh.normandie,DREAL Haute-Normandie,
drealh.normandie (direction regionale de l,DREAL Haute-Normandie,
"drealh.normandie (direction regionale de l environnement, de l amenagement et du logement haute-normandie)",DREAL Haute-Normandie,
"drealh.normandie (direction regionale de l'environnement, de l'amenagement et du logement haute-normandie)",DREAL Haute-Normandie,
"dreallang.rous (direction regionale de l'environnement, de l'amenagement et du logement languedoc-roussillon)",DREAL Languedoc-Roussillon,
"dreallang.rous. (direction regionale de l'environnement, de l'amenagement et du logement languedoc-roussillon)",DREAL Languedoc-Roussillon,
dreallanguedoc-roussillon-midi-pyrenees,DREAL Occitanie,
"dreallanguedoc-roussillon-midi-pyrenees (direction regionale de l'environnement, de l'amenagement et du logement languedoc-roussillon-midi-pyrenees)",DREAL Occitanie,
dreallimousin,DREAL Limousin,
"dreallorraine (direction regionale de l'environnement, de l'amenagement et du logement lorraine)",DREAL Lorraine,
drealmidi-pyrenees,DREAL Midi-Pyrénées,
"drealmidi-pyrenees (direction regionale de l'environnement, de l'amenagement et du logement midi-pyrenees)",DREAL Midi-Pyrénées,
drealmidi-pyrenees (sig),DREAL Midi-Pyrénées,
drealmidi-pyrenees scec-dsi,DREAL Midi-Pyrénées,
drealmp unite sig,DREAL Midi-Pyrénées,
drealmp/scec/dsi,DREAL Midi-Pyrénées,
drealn-pdc,DREAL Nord-Pas-de-Calais,
drealn-pdc (direction regionale de l'environnement de l'amenagement et du logement du nord - pas de calais),DREAL Nord-Pas-de-Calais,
"drealn-pdc (direction regionale de l'environnement, de l'amenagement et du logement du nord - pas de calais)",DREAL Nord-Pas-de-Calais,
drealnord pas-de-calais,DREAL Nord-Pas-de-Calais,
drealnord-pas de calais,DREAL Nord-Pas-de-Calais,
drealnormandie,DREAL Normandie,
drealnouvelle-aquitaine,DREAL Nouvelle-Aquitaine,
drealoccitanie,DREAL Occitanie,
drealpays de la loire,DREAL Pays de la Loire,
"drealpays de la loire (direction regionale de l'environnement, de l'amenagement et du logement pays de la loire)",DREAL Pays de la Loire,
"drealpays de la loire (direction regionale de l'environnement, de l'amenagement et du logement paysde la loire)",DREAL Pays de la Loire,
drealpicardie,DREAL Picardie,
drealpicardie / service sig,DREAL Picardie,
drealpicardie / service snep,DREAL Picardie,
drealpoitou-charentes,DREAL Poitou-Charentes,
drealpoitou-charentes/srtn,DREAL Poitou-Charentes,
drealrhone-alpes,DREAL Rhône-Alpes,
la dreal de basse-normandie,DREAL Basse-Normandie,
medde/dreal languedoc-roussillon,DREAL Languedoc-Roussillon,
sig-dsi.scec.dreal-midi-pyrenees,DREAL Midi-Pyrénées,
unite sig dreal midi-pyrenees,DREAL Midi-Pyrénées,
unite sig drealmidi-pyrenees,DREAL Midi-Pyrénées,
unite sigdreal midi-pyrenees,DREAL Midi-Pyrénées,
unitesig dreal midi-pyrenees,DREAL Midi-Pyrénées,
-- Nom de l'organisation responsable --,-,90 Non rempli & Erreurs probables
-- Nom de l'organisation responsable de la série de données --,-,90 Non rempli & Erreurs probables
-- Nom de l'organisation responsable du service --,-,90 Non rempli & Erreurs probables
-- Nom de l'organisme --,-,90 Non rempli & Erreurs probables
-- Nom de l'organisme propriétaire de la donnée --,-,90 Non rempli & Erreurs probables
-- Organisation --,-,90 Non rempli & Erreurs probables
-- organisation responsable de la ressource --,-,90 Non rempli & Erreurs probables
-- organisation responsable de la ressource              --,-,90 Non rempli & Erreurs probables
-- organisation responsable de la ressource              --,-,90 Non rempli & Erreurs probables
-- Organisation responsable du service --,-,90 Non rempli & Erreurs probables
"###Paramètre ""organisme"" dans la fonction ""Services INSPIRE""",-,90 Non rempli & Erreurs probables
{{organisationName}},-,90 Non rempli & Erreurs probables
DENOMINATIONS GEOGRAPHIQUE,DENOMINATIONS GEOGRAPHIQUE,90 Non rempli & Erreurs probables
État,État,90 Non rempli & Erreurs probables
Exécutant,Exécutant,90 Non rempli & Erreurs probables
GeoNetwork opensource,GeoNetwork opensource,90 Non rempli & Erreurs probables
GeoSource organisation,GeoSource organisation,90 Non rempli & Erreurs probables
Mon organisation,-,90 Non rempli & Erreurs probables
nom de l'organisme propriétaire de cette ressource,-,90 Non rempli & Erreurs probables
None,-,90 Non rempli & Erreurs probables
Organisme,Organisme,90 Non rempli & Erreurs probables
propriétaires de la parcelle d'implantation des fossés,propriétaires de la parcelle d'implantation des fossés,90 Non rempli & Erreurs probables
propriétaires des îlots ayant subi des dégâts de scolytes,propriétaires des îlots ayant subi des dégâts de scolytes,90 Non rempli & Erreurs probables
provider name,provider name,90 Non rempli & Erreurs probables
supervision1,supervision1,90 Non rempli & Erreurs probables
supervision3,supervision3,90 Non rempli & Erreurs probables
Test,Test,90 Non rempli & Erreurs probables
toi,-,90 Non rempli & Erreurs probables
